Bytes, Url
61106526,       "https://sikhsoul.com/golden_khajana_files/mp3/Keertan/Bhai Mohinder Singh SDO/Aad Steh Jugad Steh.mp3",
19540111,       "https://sikhsoul.com/golden_khajana_files/mp3/Keertan/Bhai Mohinder Singh SDO/Aadhi Such Jugaadi Such.mp3",
54800384,       "https://sikhsoul.com/golden_khajana_files/mp3/Keertan/Bhai Mohinder Singh SDO/Aae Mil Gurasikh Aae Mil.mp3",
60307456,       "https://sikhsoul.com/golden_khajana_files/mp3/Keertan/Bhai Mohinder Singh SDO/Aae Milahu Santh Sajanaa.mp3",
122949632,       "https://sikhsoul.com/golden_khajana_files/mp3/Keertan/Bhai Mohinder Singh SDO/Aaisaa Satigur Je Milai Tis No Sir Saupeeaai.mp3",
76785664,       "https://sikhsoul.com/golden_khajana_files/mp3/Keertan/Bhai Mohinder Singh SDO/Aaisee Jaanee Sant Janee.mp3",
216544531,       "https://sikhsoul.com/golden_khajana_files/mp3/Keertan/Bhai Mohinder Singh SDO/Aanad rang binod hamaarai.mp3",
93923328,       "https://sikhsoul.com/golden_khajana_files/mp3/Keertan/Bhai Mohinder Singh SDO/Aanand aanand sabh ko kahai - 1983.mp3",
17105262,       "https://sikhsoul.com/golden_khajana_files/mp3/Keertan/Bhai Mohinder Singh SDO/Aanand aanand sabh ko kahai.mp3",
17545216,       "https://sikhsoul.com/golden_khajana_files/mp3/Keertan/Bhai Mohinder Singh SDO/Aanandh Aanandh Sabh Ko Kehai.mp3",
57661440,       "https://sikhsoul.com/golden_khajana_files/mp3/Keertan/Bhai Mohinder Singh SDO/Ab Mohi Needh Suhaavai.mp3",
34883254,       "https://sikhsoul.com/golden_khajana_files/mp3/Keertan/Bhai Mohinder Singh SDO/Aisaa giaan veechaarey koee.mp3",
53575680,       "https://sikhsoul.com/golden_khajana_files/mp3/Keertan/Bhai Mohinder Singh SDO/Aisaa Jag Dhaekhiaa Jooaaree.mp3",
89380864,       "https://sikhsoul.com/golden_khajana_files/mp3/Keertan/Bhai Mohinder Singh SDO/Aisaa Maeraa Raam Rehiaa Bharapoor.mp3",
89385600,       "https://sikhsoul.com/golden_khajana_files/mp3/Keertan/Bhai Mohinder Singh SDO/Aisaa meyraa raam rahiaa bharpoor.mp3",
43531324,       "https://sikhsoul.com/golden_khajana_files/mp3/Keertan/Bhai Mohinder Singh SDO/Aisee Gyaani Sant Janee - India 1980s.MP3",
44897019,       "https://sikhsoul.com/golden_khajana_files/mp3/Keertan/Bhai Mohinder Singh SDO/Amrit Har Ka Naam.mp3",
15325184,       "https://sikhsoul.com/golden_khajana_files/mp3/Keertan/Bhai Mohinder Singh SDO/Amrith naam nidhhaan hai mil peevahu bhaaee.mp3",
27357184,       "https://sikhsoul.com/golden_khajana_files/mp3/Keertan/Bhai Mohinder Singh SDO/Anmrith Naam Nidhhaan Hai.mp3",
34275328,       "https://sikhsoul.com/golden_khajana_files/mp3/Keertan/Bhai Mohinder Singh SDO/Anmrith Naam Suaamee Thaeraa 1.mp3",
45078528,       "https://sikhsoul.com/golden_khajana_files/mp3/Keertan/Bhai Mohinder Singh SDO/Anmrith Naam Suaamee Thaeraa 2.mp3",
60526592,       "https://sikhsoul.com/golden_khajana_files/mp3/Keertan/Bhai Mohinder Singh SDO/Anmrith Ras Peeaa Gur Sabadhee.mp3",
6817792,       "https://sikhsoul.com/golden_khajana_files/mp3/Keertan/Bhai Mohinder Singh SDO/Anmrith Sadhaa Varasadhaa Boojhan Boojhanehaar.mp3",
30136320,       "https://sikhsoul.com/golden_khajana_files/mp3/Keertan/Bhai Mohinder Singh SDO/Anthar Piaas Chaathrik Jio Jal Kee.mp3",
18022400,       "https://sikhsoul.com/golden_khajana_files/mp3/Keertan/Bhai Mohinder Singh SDO/Apanae Kaaj Ko Kio Alakaaeeai.mp3",
52006912,       "https://sikhsoul.com/golden_khajana_files/mp3/Keertan/Bhai Mohinder Singh SDO/Apanae Prabh Sio Hohu Saavadhhaan.mp3",
19527555,       "https://sikhsoul.com/golden_khajana_files/mp3/Keertan/Bhai Mohinder Singh SDO/Apnay Jun Prubh Aap.mp3",
19504429,       "https://sikhsoul.com/golden_khajana_files/mp3/Keertan/Bhai Mohinder Singh SDO/Apnay Kaaj Ko.mp3",
18438951,       "https://sikhsoul.com/golden_khajana_files/mp3/Keertan/Bhai Mohinder Singh SDO/Apnay Raam Piaaray.mp3",
51482827,       "https://sikhsoul.com/golden_khajana_files/mp3/Keertan/Bhai Mohinder Singh SDO/Apney prabh sio hoh saavdhaan.mp3",
80998400,       "https://sikhsoul.com/golden_khajana_files/mp3/Keertan/Bhai Mohinder Singh SDO/As Kridaan Khando Khadag.mp3",
92618752,       "https://sikhsoul.com/golden_khajana_files/mp3/Keertan/Bhai Mohinder Singh SDO/Asa Ki Var.mp3",
25868288,       "https://sikhsoul.com/golden_khajana_files/mp3/Keertan/Bhai Mohinder Singh SDO/Ath Ootham Har Naam Hai Maeree Jindhurreeeae.mp3",
19587237,       "https://sikhsoul.com/golden_khajana_files/mp3/Keertan/Bhai Mohinder Singh SDO/Aykaa Aykunkar.mp3",
47161344,       "https://sikhsoul.com/golden_khajana_files/mp3/Keertan/Bhai Mohinder Singh SDO/Baanee Moukhahu Ouchaareeai.mp3",
17272832,       "https://sikhsoul.com/golden_khajana_files/mp3/Keertan/Bhai Mohinder Singh SDO/Baaranai Balihaaranai Lakh Bareeaa.mp3",
19673088,       "https://sikhsoul.com/golden_khajana_files/mp3/Keertan/Bhai Mohinder Singh SDO/Bahuth Vaddiaaeeaa Saahibai Neh Jaahee Ganeeaa.mp3",
7274496,       "https://sikhsoul.com/golden_khajana_files/mp3/Keertan/Bhai Mohinder Singh SDO/Bal Bal Bal Guradhaev Jin Naam Dhrirraaeiaa.mp3",
11489280,       "https://sikhsoul.com/golden_khajana_files/mp3/Keertan/Bhai Mohinder Singh SDO/Bhaaee Rae Mo Ko Koee Aae Milai.mp3",
43003274,       "https://sikhsoul.com/golden_khajana_files/mp3/Keertan/Bhai Mohinder Singh SDO/Bhagat Sohey Guhn Gavday.mp3",
89536512,       "https://sikhsoul.com/golden_khajana_files/mp3/Keertan/Bhai Mohinder Singh SDO/Bhagataa Kee Tek Toon Santaa Kee Ot Toon 1.mp3",
19218432,       "https://sikhsoul.com/golden_khajana_files/mp3/Keertan/Bhai Mohinder Singh SDO/Bhagataa Kee Tek Toon Santaa Kee Ot Toon 2.mp3",
39192576,       "https://sikhsoul.com/golden_khajana_files/mp3/Keertan/Bhai Mohinder Singh SDO/Bhagataa Kee Tek Toon Santaa Kee Ot Toon 3.mp3",
85483520,       "https://sikhsoul.com/golden_khajana_files/mp3/Keertan/Bhai Mohinder Singh SDO/Bhagath Sohehi Gun Gaavathae 1.mp3",
96370688,       "https://sikhsoul.com/golden_khajana_files/mp3/Keertan/Bhai Mohinder Singh SDO/Bhagath Sohehi Gun Gaavathae 2.mp3",
9572352,       "https://sikhsoul.com/golden_khajana_files/mp3/Keertan/Bhai Mohinder Singh SDO/Bhagathaa Kaa Sehaaee Jug Jug Jaaniaa.mp3",
9513481,       "https://sikhsoul.com/golden_khajana_files/mp3/Keertan/Bhai Mohinder Singh SDO/Bhagtaa kaa saahaaee jug jug jaaniaa.mp3",
83564544,       "https://sikhsoul.com/golden_khajana_files/mp3/Keertan/Bhai Mohinder Singh SDO/Bhaj Man Maerae Eaeko Naam.mp3",
35487744,       "https://sikhsoul.com/golden_khajana_files/mp3/Keertan/Bhai Mohinder Singh SDO/Bhalae Amaradhaas Gun Thaerae.mp3",
17819038,       "https://sikhsoul.com/golden_khajana_files/mp3/Keertan/Bhai Mohinder Singh SDO/Bhinee rainarheeai chaamkan taarey.mp3",
56182784,       "https://sikhsoul.com/golden_khajana_files/mp3/Keertan/Bhai Mohinder Singh SDO/Bhinnee Rain Jinhaa Man Chaao.mp3",
86122496,       "https://sikhsoul.com/golden_khajana_files/mp3/Keertan/Bhai Mohinder Singh SDO/Bhinnee Rainarreeai Chaamakan Thaarae 1.mp3",
70055936,       "https://sikhsoul.com/golden_khajana_files/mp3/Keertan/Bhai Mohinder Singh SDO/Bhinnee Rainarreeai Chaamakan Thaarae 2.mp3",
36330342,       "https://sikhsoul.com/golden_khajana_files/mp3/Keertan/Bhai Mohinder Singh SDO/Bibeyk budh beechaar gurmukh.mp3",
154937344,       "https://sikhsoul.com/golden_khajana_files/mp3/Keertan/Bhai Mohinder Singh SDO/Bikhamo Bikham Akhaaraa Mai Gur Mil Jeetaa Raam.mp3",
150126720,       "https://sikhsoul.com/golden_khajana_files/mp3/Keertan/Bhai Mohinder Singh SDO/Bikhamo bikham akhaarhaa mai gur mil jeetaa raam.mp3",
58243072,       "https://sikhsoul.com/golden_khajana_files/mp3/Keertan/Bhai Mohinder Singh SDO/Bin Ek Naam Ik Chitt Loon.mp3",
104021448,       "https://sikhsoul.com/golden_khajana_files/mp3/Keertan/Bhai Mohinder Singh SDO/Bin gur mukat na paaeeai bhaaee.mp3",
93777920,       "https://sikhsoul.com/golden_khajana_files/mp3/Keertan/Bhai Mohinder Singh SDO/Bin gur mukat na paeeai bhaaee.mp3",
80994304,       "https://sikhsoul.com/golden_khajana_files/mp3/Keertan/Bhai Mohinder Singh SDO/Bin Gur Mukath N Paaeeai Bhaaee.mp3",
44858163,       "https://sikhsoul.com/golden_khajana_files/mp3/Keertan/Bhai Mohinder Singh SDO/Bin Sabaday Achaar.mp3",
44990592,       "https://sikhsoul.com/golden_khajana_files/mp3/Keertan/Bhai Mohinder Singh SDO/Bin Sadhu Kion Jeevana with Bibi Harjit Kaur - India 1980s.mp3",
45254784,       "https://sikhsoul.com/golden_khajana_files/mp3/Keertan/Bhai Mohinder Singh SDO/Chadayee Leeo Maha Baleetai - India 1980s.mp3",
28372992,       "https://sikhsoul.com/golden_khajana_files/mp3/Keertan/Bhai Mohinder Singh SDO/Chinthaa Dhhaavath Rehi Geae Thaan Man Bhaeiaa Anandh.mp3",
8181760,       "https://sikhsoul.com/golden_khajana_files/mp3/Keertan/Bhai Mohinder Singh SDO/Chirree Chuhakee Pahu Futtee 1.mp3",
48627712,       "https://sikhsoul.com/golden_khajana_files/mp3/Keertan/Bhai Mohinder Singh SDO/Chirree Chuhakee Pahu Futtee 2.mp3",
87572350,       "https://sikhsoul.com/golden_khajana_files/mp3/Keertan/Bhai Mohinder Singh SDO/Chit cheytas kee nahee baavariaa.mp3",
64829440,       "https://sikhsoul.com/golden_khajana_files/mp3/Keertan/Bhai Mohinder Singh SDO/Chit Na Bhayo Hamro Aavan Kah.mp3",
21196654,       "https://sikhsoul.com/golden_khajana_files/mp3/Keertan/Bhai Mohinder Singh SDO/Deykhoh acharaj bheiaa.mp3",
21184512,       "https://sikhsoul.com/golden_khajana_files/mp3/Keertan/Bhai Mohinder Singh SDO/Dhaekhahu Acharaj Bhaeiaa.mp3",
40210432,       "https://sikhsoul.com/golden_khajana_files/mp3/Keertan/Bhai Mohinder Singh SDO/Dhann Guroo Dhannu Guroo Piaaray.mp3",
92252160,       "https://sikhsoul.com/golden_khajana_files/mp3/Keertan/Bhai Mohinder Singh SDO/Dhanu Naanak Tayree Vadee Kamaaee.mp3",
27969536,       "https://sikhsoul.com/golden_khajana_files/mp3/Keertan/Bhai Mohinder Singh SDO/Dhhann S Vaelaa Jith Mai Sathigur Miliaa 1.mp3",
43675648,       "https://sikhsoul.com/golden_khajana_files/mp3/Keertan/Bhai Mohinder Singh SDO/Dhhann S Vaelaa Jith Mai Sathigur Miliaa 2.mp3",
86063104,       "https://sikhsoul.com/golden_khajana_files/mp3/Keertan/Bhai Mohinder Singh SDO/Dhin Bhee Gaavau Rainee Gaavau.mp3",
87844864,       "https://sikhsoul.com/golden_khajana_files/mp3/Keertan/Bhai Mohinder Singh SDO/Dhin Rain Saas Saas Gun Gaavaa.mp3",
41711616,       "https://sikhsoul.com/golden_khajana_files/mp3/Keertan/Bhai Mohinder Singh SDO/Dhukhee Dhunee Sehaerreeai.mp3",
19549227,       "https://sikhsoul.com/golden_khajana_files/mp3/Keertan/Bhai Mohinder Singh SDO/Dhunwant Naam Kay Vanjaray.mp3",
31388695,       "https://sikhsoul.com/golden_khajana_files/mp3/Keertan/Bhai Mohinder Singh SDO/Dukhee Dunee Suheyreeay.mp3",
81805312,       "https://sikhsoul.com/golden_khajana_files/mp3/Keertan/Bhai Mohinder Singh SDO/Eae Man Maeriaa Thoo Kiaa Lai Aaeiaa Kiaa Lai Jaaeisee Raam.mp3",
63002624,       "https://sikhsoul.com/golden_khajana_files/mp3/Keertan/Bhai Mohinder Singh SDO/Eae Man Piaariaa Thoo Sadhaa Sach Samaalae.mp3",
25636864,       "https://sikhsoul.com/golden_khajana_files/mp3/Keertan/Bhai Mohinder Singh SDO/Eae Sareeraa Maeriaa Eis Jag Mehi Aae Kai.mp3",
39800832,       "https://sikhsoul.com/golden_khajana_files/mp3/Keertan/Bhai Mohinder Singh SDO/Eihu Man Har Kai Naam Oudhhaaranaa.mp3",
11393152,       "https://sikhsoul.com/golden_khajana_files/mp3/Keertan/Bhai Mohinder Singh SDO/Eith Maarag Chaliyai Bhayiare - India 1980s.mp3",
51859584,       "https://sikhsoul.com/golden_khajana_files/mp3/Keertan/Bhai Mohinder Singh SDO/Fareedaa raat kathooree vanddeeai.mp3",
53770240,       "https://sikhsoul.com/golden_khajana_files/mp3/Keertan/Bhai Mohinder Singh SDO/Fareedhaa Raath Kathhooree Vanddeeai 1.mp3",
51859456,       "https://sikhsoul.com/golden_khajana_files/mp3/Keertan/Bhai Mohinder Singh SDO/Fareedhaa Raath Kathhooree Vanddeeai 2.mp3",
17033216,       "https://sikhsoul.com/golden_khajana_files/mp3/Keertan/Bhai Mohinder Singh SDO/Gagan Dhamaamaa Baajio Pario Neesaanai Ghaau.mp3",
19523176,       "https://sikhsoul.com/golden_khajana_files/mp3/Keertan/Bhai Mohinder Singh SDO/Gobind Gun Gaavan Laagay.mp3",
18552832,       "https://sikhsoul.com/golden_khajana_files/mp3/Keertan/Bhai Mohinder Singh SDO/Gobindh Jeeo Maerae Man Than Naam Har Beedhhae 1.mp3",
46780416,       "https://sikhsoul.com/golden_khajana_files/mp3/Keertan/Bhai Mohinder Singh SDO/Gobindh Jeeo Maerae Man Than Naam Har Beedhhae 2.mp3",
47656960,       "https://sikhsoul.com/golden_khajana_files/mp3/Keertan/Bhai Mohinder Singh SDO/Gobindh Jeeo Maerae Man Than Naam Har Beedhhae 3.mp3",
146624512,       "https://sikhsoul.com/golden_khajana_files/mp3/Keertan/Bhai Mohinder Singh SDO/Gur Kaa Sabadh Anmirat Hai Baanee.mp3",
80447488,       "https://sikhsoul.com/golden_khajana_files/mp3/Keertan/Bhai Mohinder Singh SDO/Gur Kaa Sabadh Maerai Anthar Dhiaan.mp3",
90728576,       "https://sikhsoul.com/golden_khajana_files/mp3/Keertan/Bhai Mohinder Singh SDO/Gur kaa shabad meyrai antar dhiaan.mp3",
67133440,       "https://sikhsoul.com/golden_khajana_files/mp3/Keertan/Bhai Mohinder Singh SDO/Gur Kee Baanee Vittahu Vaariaa Bhaaee.mp3",
31746673,       "https://sikhsoul.com/golden_khajana_files/mp3/Keertan/Bhai Mohinder Singh SDO/Gur Kuhea Joothi Dhoi.mp3",
13373440,       "https://sikhsoul.com/golden_khajana_files/mp3/Keertan/Bhai Mohinder Singh SDO/Gur Parasaadh Sehaj Ghar Paaeiaa.mp3",
20242432,       "https://sikhsoul.com/golden_khajana_files/mp3/Keertan/Bhai Mohinder Singh SDO/Gur Parasaadhee Bho Paeiaa Vaddabhaag Vasiaa Man Aae.mp3",
84062208,       "https://sikhsoul.com/golden_khajana_files/mp3/Keertan/Bhai Mohinder Singh SDO/Gur Poore Te Paieeaai Hiradhai Dhei Dhikhaiee.mp3",
87480320,       "https://sikhsoul.com/golden_khajana_files/mp3/Keertan/Bhai Mohinder Singh SDO/Gur Sathigur Vich Naavai Kee Vaddee Vaddiaaee 1.mp3",
44179456,       "https://sikhsoul.com/golden_khajana_files/mp3/Keertan/Bhai Mohinder Singh SDO/Gur Sathigur Vich Naavai Kee Vaddee Vaddiaaee 2.mp3",
83167232,       "https://sikhsoul.com/golden_khajana_files/mp3/Keertan/Bhai Mohinder Singh SDO/Gur Sathigur Vich Naavai Kee Vaddee Vaddiaaee 3.mp3",
44412928,       "https://sikhsoul.com/golden_khajana_files/mp3/Keertan/Bhai Mohinder Singh SDO/Gur Shabadi Gobind Gajeya - India 1970s with Gorai Sikhs.MP3",
32888832,       "https://sikhsoul.com/golden_khajana_files/mp3/Keertan/Bhai Mohinder Singh SDO/Gur Sikhee Bareek Hai (Bhai Gurdas).mp3",
84488192,       "https://sikhsoul.com/golden_khajana_files/mp3/Keertan/Bhai Mohinder Singh SDO/Gurabaanee Sun Mail Gavaae 1.mp3",
191850496,       "https://sikhsoul.com/golden_khajana_files/mp3/Keertan/Bhai Mohinder Singh SDO/Gurabaanee Sun Mail Gavaae 2.mp3",
57653248,       "https://sikhsoul.com/golden_khajana_files/mp3/Keertan/Bhai Mohinder Singh SDO/Gurabaanee Sun Mail Gavaae 3.mp3",
12341248,       "https://sikhsoul.com/golden_khajana_files/mp3/Keertan/Bhai Mohinder Singh SDO/Guramukh Naam Sunahu Maeree Bhainaa.mp3",
42708992,       "https://sikhsoul.com/golden_khajana_files/mp3/Keertan/Bhai Mohinder Singh SDO/Guramukh Saevaa Ghaal Jin Ghaalee.mp3",
23486464,       "https://sikhsoul.com/golden_khajana_files/mp3/Keertan/Bhai Mohinder Singh SDO/Gurasikhaan Man Har Preeth Hai Gur Poojan Aavehi.mp3",
41175889,       "https://sikhsoul.com/golden_khajana_files/mp3/Keertan/Bhai Mohinder Singh SDO/Gurbaannee sunn mail gavaaey - Smethwick (UK) 1983.mp3",
89403520,       "https://sikhsoul.com/golden_khajana_files/mp3/Keertan/Bhai Mohinder Singh SDO/Gurmukh rang chalooliaa meyraa man tano bhinaa.mp3",
86302720,       "https://sikhsoul.com/golden_khajana_files/mp3/Keertan/Bhai Mohinder Singh SDO/Guroo Guroo Gur Kar Man Mere.mp3",
19535368,       "https://sikhsoul.com/golden_khajana_files/mp3/Keertan/Bhai Mohinder Singh SDO/Gursikhan Kee Bhukh.mp3",
24852608,       "https://sikhsoul.com/golden_khajana_files/mp3/Keertan/Bhai Mohinder Singh SDO/Gursikhan Man Har Preet Hai with Bibi Harjit Kaur - India 1980s.mp3",
44890723,       "https://sikhsoul.com/golden_khajana_files/mp3/Keertan/Bhai Mohinder Singh SDO/Gursikhi Bareek Hai - 1979.mp3",
24619008,       "https://sikhsoul.com/golden_khajana_files/mp3/Keertan/Bhai Mohinder Singh SDO/Hamaraa Thaakur Sabh Thae Oochaa.mp3",
32598016,       "https://sikhsoul.com/golden_khajana_files/mp3/Keertan/Bhai Mohinder Singh SDO/Hamarae Pithaa Thaakur Prabh Suaamee.mp3",
25851904,       "https://sikhsoul.com/golden_khajana_files/mp3/Keertan/Bhai Mohinder Singh SDO/Hamaree Jaath Paath Gur Sathigur Ham Vaechiou Sir Gur Kae.mp3",
61028352,       "https://sikhsoul.com/golden_khajana_files/mp3/Keertan/Bhai Mohinder Singh SDO/Har Bin Sabh Kishh Mailaa Santhahu.mp3",
45004928,       "https://sikhsoul.com/golden_khajana_files/mp3/Keertan/Bhai Mohinder Singh SDO/Har Har Japun Japoon Dhin Ratee - India 1980s.mp3",
19507877,       "https://sikhsoul.com/golden_khajana_files/mp3/Keertan/Bhai Mohinder Singh SDO/Har Har Rasanaa.mp3",
14977024,       "https://sikhsoul.com/golden_khajana_files/mp3/Keertan/Bhai Mohinder Singh SDO/Har Jan Dhaekhahu Sathigur Nainee.mp3",
100902912,       "https://sikhsoul.com/golden_khajana_files/mp3/Keertan/Bhai Mohinder Singh SDO/Har Jan Raam Raam Raam Dhiaane.mp3",
33717451,       "https://sikhsoul.com/golden_khajana_files/mp3/Keertan/Bhai Mohinder Singh SDO/Har Japat Rahan - 22nd May 1966.mp3",
7520256,       "https://sikhsoul.com/golden_khajana_files/mp3/Keertan/Bhai Mohinder Singh SDO/Har Jeeau Tudh Vitahu Bal Jaiee.mp3",
86185984,       "https://sikhsoul.com/golden_khajana_files/mp3/Keertan/Bhai Mohinder Singh SDO/Har Kae Naam Bin Jhoothae Sagal Paasaarae.mp3",
48838656,       "https://sikhsoul.com/golden_khajana_files/mp3/Keertan/Bhai Mohinder Singh SDO/Har Kae Santh Sunahu Jan Bhaaee.mp3",
19972096,       "https://sikhsoul.com/golden_khajana_files/mp3/Keertan/Bhai Mohinder Singh SDO/Har Kee Thum Saevaa Karahu.mp3",
19093504,       "https://sikhsoul.com/golden_khajana_files/mp3/Keertan/Bhai Mohinder Singh SDO/Har Kee Ttehal Kamaavanee Japeeai Prabh Kaa Naam.mp3",
58038272,       "https://sikhsoul.com/golden_khajana_files/mp3/Keertan/Bhai Mohinder Singh SDO/Har Keeratan Gaavahu Dhin Raatee.mp3",
50463004,       "https://sikhsoul.com/golden_khajana_files/mp3/Keertan/Bhai Mohinder Singh SDO/Har keertan gaavo din raatee.mp3",
35547136,       "https://sikhsoul.com/golden_khajana_files/mp3/Keertan/Bhai Mohinder Singh SDO/Har Naamai Kee Ham Kano Sathigur Kaarakunee Dheeee.mp3",
85282816,       "https://sikhsoul.com/golden_khajana_files/mp3/Keertan/Bhai Mohinder Singh SDO/Har Raam Naam Jap Laahaa.mp3",
44714113,       "https://sikhsoul.com/golden_khajana_files/mp3/Keertan/Bhai Mohinder Singh SDO/Har Rasak Rasak Gun - 1979.mp3",
56281088,       "https://sikhsoul.com/golden_khajana_files/mp3/Keertan/Bhai Mohinder Singh SDO/Har Siau Jurai Ta Sabh Ko Meet.mp3",
73362146,       "https://sikhsoul.com/golden_khajana_files/mp3/Keertan/Bhai Mohinder Singh SDO/Har simree din sabh rainn.mp3",
19498773,       "https://sikhsoul.com/golden_khajana_files/mp3/Keertan/Bhai Mohinder Singh SDO/Har Sion Juray.mp3",
15026176,       "https://sikhsoul.com/golden_khajana_files/mp3/Keertan/Bhai Mohinder Singh SDO/Hasandhiaa Khaelandhiaa Painandhiaa Khaavandhiaa.mp3",
68988928,       "https://sikhsoul.com/golden_khajana_files/mp3/Keertan/Bhai Mohinder Singh SDO/Ho Bhaal Vikunnee Hoee.mp3",
16336896,       "https://sikhsoul.com/golden_khajana_files/mp3/Keertan/Bhai Mohinder Singh SDO/Ho Bhee Ouddeenee Kanth Ko Anmaalee.mp3",
44884097,       "https://sikhsoul.com/golden_khajana_files/mp3/Keertan/Bhai Mohinder Singh SDO/Hoho Sabdaan Apney Prub Sion.mp3",
44923394,       "https://sikhsoul.com/golden_khajana_files/mp3/Keertan/Bhai Mohinder Singh SDO/Humaarai Ekai Haree.mp3",
30735353,       "https://sikhsoul.com/golden_khajana_files/mp3/Keertan/Bhai Mohinder Singh SDO/Ihn Bee Gaavo Raenee Gaavo.mp3",
45267298,       "https://sikhsoul.com/golden_khajana_files/mp3/Keertan/Bhai Mohinder Singh SDO/Ik Jeej Mujai Deh - India 1980s.MP3",
18727652,       "https://sikhsoul.com/golden_khajana_files/mp3/Keertan/Bhai Mohinder Singh SDO/Ik Kharay Karay Teri.mp3",
19490790,       "https://sikhsoul.com/golden_khajana_files/mp3/Keertan/Bhai Mohinder Singh SDO/Ik Kharay Karay Teri2.mp3",
12779273,       "https://sikhsoul.com/golden_khajana_files/mp3/Keertan/Bhai Mohinder Singh SDO/Ja Din Bhetay Sadh Mohey.mp3",
45824000,       "https://sikhsoul.com/golden_khajana_files/mp3/Keertan/Bhai Mohinder Singh SDO/Jaethae Ras Sareer Kae Thaethae Lagehi Dhukh.mp3",
36825088,       "https://sikhsoul.com/golden_khajana_files/mp3/Keertan/Bhai Mohinder Singh SDO/Jaisee Mai Aavai Khasam Kee Baanee.mp3",
78391296,       "https://sikhsoul.com/golden_khajana_files/mp3/Keertan/Bhai Mohinder Singh SDO/Jan Naanak Ko Kirapaa Bhee Har Kee Kirapaa Bhee.mp3",
79921152,       "https://sikhsoul.com/golden_khajana_files/mp3/Keertan/Bhai Mohinder Singh SDO/Jap Jap Har Kaa Naam Kadhae N Jhooreeai.mp3",
73912320,       "https://sikhsoul.com/golden_khajana_files/mp3/Keertan/Bhai Mohinder Singh SDO/Jap Man Naam Haree Hohi Sarab Sukhee.mp3",
30869504,       "https://sikhsoul.com/golden_khajana_files/mp3/Keertan/Bhai Mohinder Singh SDO/Jarhee Bootee Jay Jeeveeai Kiu Marai Dhanataru.mp3",
14997504,       "https://sikhsoul.com/golden_khajana_files/mp3/Keertan/Bhai Mohinder Singh SDO/Jeevan Padh Nirabaan Eiko Simareeai.mp3",
87922688,       "https://sikhsoul.com/golden_khajana_files/mp3/Keertan/Bhai Mohinder Singh SDO/Jeevanaa Safal Jeevan.mp3",
93238327,       "https://sikhsoul.com/golden_khajana_files/mp3/Keertan/Bhai Mohinder Singh SDO/Jeevnaa Safal jeevan - December 1984.mp3",
44396544,       "https://sikhsoul.com/golden_khajana_files/mp3/Keertan/Bhai Mohinder Singh SDO/Jin Alakh Akaal Niranjana.mp3",
57380864,       "https://sikhsoul.com/golden_khajana_files/mp3/Keertan/Bhai Mohinder Singh SDO/Jin Jan Guramukh Saeviaa Thin Sabh Sukh Paae.mp3",
91389952,       "https://sikhsoul.com/golden_khajana_files/mp3/Keertan/Bhai Mohinder Singh SDO/Jin kai har naam vasiaa sad hirdai.mp3",
60332032,       "https://sikhsoul.com/golden_khajana_files/mp3/Keertan/Bhai Mohinder Singh SDO/Jin Kai Har Naam Vasiaa Sadh Hiradhai.mp3",
31815680,       "https://sikhsoul.com/golden_khajana_files/mp3/Keertan/Bhai Mohinder Singh SDO/Jinaa Gurasikhaa Ko Har Santhusatt Hai.mp3",
18751856,       "https://sikhsoul.com/golden_khajana_files/mp3/Keertan/Bhai Mohinder Singh SDO/Jinee Jinee Gurmukhey Dhiaya.mp3",
16347136,       "https://sikhsoul.com/golden_khajana_files/mp3/Keertan/Bhai Mohinder Singh SDO/Jinee Naam Dhhiaaeiaa Eik Man Eik Chith 1.mp3",
82282496,       "https://sikhsoul.com/golden_khajana_files/mp3/Keertan/Bhai Mohinder Singh SDO/Jinee Naam Dhhiaaeiaa Eik Man Eik Chith 2.mp3",
39346131,       "https://sikhsoul.com/golden_khajana_files/mp3/Keertan/Bhai Mohinder Singh SDO/Jinee Naam Dhiaya.mp3",
44953888,       "https://sikhsoul.com/golden_khajana_files/mp3/Keertan/Bhai Mohinder Singh SDO/Jo Jo Deesay So So Rogee.mp3",
80693248,       "https://sikhsoul.com/golden_khajana_files/mp3/Keertan/Bhai Mohinder Singh SDO/Jo Jo Dheesai So So Rogee.mp3",
109537280,       "https://sikhsoul.com/golden_khajana_files/mp3/Keertan/Bhai Mohinder Singh SDO/Jo Mai Baedhan Saa Kis Aakhaa Maaee.mp3",
33566720,       "https://sikhsoul.com/golden_khajana_files/mp3/Keertan/Bhai Mohinder Singh SDO/Jo Man Chith Eik Araadhhadhae.mp3",
29759488,       "https://sikhsoul.com/golden_khajana_files/mp3/Keertan/Bhai Mohinder Singh SDO/Jo Man Chith Thudh Dhiaaeidhae Maerae Sachiaa 1.mp3",
26912768,       "https://sikhsoul.com/golden_khajana_files/mp3/Keertan/Bhai Mohinder Singh SDO/Jo Man Chith Thudh Dhiaaeidhae Maerae Sachiaa 2.mp3",
32026624,       "https://sikhsoul.com/golden_khajana_files/mp3/Keertan/Bhai Mohinder Singh SDO/Jo Man Chith Thudh Dhiaaeidhae Maerae Sachiaa 3.mp3",
47618048,       "https://sikhsoul.com/golden_khajana_files/mp3/Keertan/Bhai Mohinder Singh SDO/Jo Man Chith Thudh Dhiaaeidhae Maerae Sachiaa 4.mp3",
62412800,       "https://sikhsoul.com/golden_khajana_files/mp3/Keertan/Bhai Mohinder Singh SDO/Jo Thudhh Sach Dhhiaaeidhae Sae Viralae Thhorrae.mp3",
45023360,       "https://sikhsoul.com/golden_khajana_files/mp3/Keertan/Bhai Mohinder Singh SDO/Joh Man Chit Ik Araadadhe - India 1980s.MP3",
19530297,       "https://sikhsoul.com/golden_khajana_files/mp3/Keertan/Bhai Mohinder Singh SDO/Kaatiaa Rog Maha Sukh Paya.mp3",
9846784,       "https://sikhsoul.com/golden_khajana_files/mp3/Keertan/Bhai Mohinder Singh SDO/Kahaa Bhayo Jo Dooolochanndmoondd Kai.mp3",
55021568,       "https://sikhsoul.com/golden_khajana_files/mp3/Keertan/Bhai Mohinder Singh SDO/Kahu Naanak Gur Bharam Chukaaeiaa.mp3",
79224832,       "https://sikhsoul.com/golden_khajana_files/mp3/Keertan/Bhai Mohinder Singh SDO/Kanthaa Thoo So Saejarree Maiddaa Habho Dhukh Oulaahi 1.mp3",
69537792,       "https://sikhsoul.com/golden_khajana_files/mp3/Keertan/Bhai Mohinder Singh SDO/Kanthaa Thoo So Saejarree Maiddaa Habho Dhukh Oulaahi 2.mp3",
4479104,       "https://sikhsoul.com/golden_khajana_files/mp3/Keertan/Bhai Mohinder Singh SDO/Kathaa puraatan io sunnee bhagtan kee baanee.mp3",
39297024,       "https://sikhsoul.com/golden_khajana_files/mp3/Keertan/Bhai Mohinder Singh SDO/Keerath Karan Saran Manamohan.mp3",
14379008,       "https://sikhsoul.com/golden_khajana_files/mp3/Keertan/Bhai Mohinder Singh SDO/Keertan.mp3",
35782656,       "https://sikhsoul.com/golden_khajana_files/mp3/Keertan/Bhai Mohinder Singh SDO/Kio Reheeai Thhir Jag.mp3",
26634240,       "https://sikhsoul.com/golden_khajana_files/mp3/Keertan/Bhai Mohinder Singh SDO/Kirapaa Nidhhaan Preetham Prabh Maerae.mp3",
43644928,       "https://sikhsoul.com/golden_khajana_files/mp3/Keertan/Bhai Mohinder Singh SDO/Koee Aavai Santho Har Kaa Jan Santho.mp3",
65837717,       "https://sikhsoul.com/golden_khajana_files/mp3/Keertan/Bhai Mohinder Singh SDO/Koi Nindak Vadiaee.mp3",
31868928,       "https://sikhsoul.com/golden_khajana_files/mp3/Keertan/Bhai Mohinder Singh SDO/Koor Nikhute Naanakaa Orak Sach Rahee.mp3",
19550295,       "https://sikhsoul.com/golden_khajana_files/mp3/Keertan/Bhai Mohinder Singh SDO/Kou Jagay Har Jun.mp3",
44946793,       "https://sikhsoul.com/golden_khajana_files/mp3/Keertan/Bhai Mohinder Singh SDO/Laaj Shod Har Kay Guhn Gaavay.mp3",
51898368,       "https://sikhsoul.com/golden_khajana_files/mp3/Keertan/Bhai Mohinder Singh SDO/Loein Rathae Loeinee Kannee Surath Samaae.mp3",
77099008,       "https://sikhsoul.com/golden_khajana_files/mp3/Keertan/Bhai Mohinder Singh SDO/Maaee Charan Gur Meethae.mp3",
62277632,       "https://sikhsoul.com/golden_khajana_files/mp3/Keertan/Bhai Mohinder Singh SDO/Maaee Man Maero Bas Naahi.mp3",
31768073,       "https://sikhsoul.com/golden_khajana_files/mp3/Keertan/Bhai Mohinder Singh SDO/Maaee man meyro bas naahe.mp3",
89182208,       "https://sikhsoul.com/golden_khajana_files/mp3/Keertan/Bhai Mohinder Singh SDO/Maaee Ree Maathee Charan Samooh.mp3",
69273600,       "https://sikhsoul.com/golden_khajana_files/mp3/Keertan/Bhai Mohinder Singh SDO/Maaee Ree Man Maero Mathavaaro.mp3",
74743925,       "https://sikhsoul.com/golden_khajana_files/mp3/Keertan/Bhai Mohinder Singh SDO/Maaee ree man meyro matvaaro.mp3",
19502076,       "https://sikhsoul.com/golden_khajana_files/mp3/Keertan/Bhai Mohinder Singh SDO/Maaee Ree Matee Charan Sumoo.mp3",
61282304,       "https://sikhsoul.com/golden_khajana_files/mp3/Keertan/Bhai Mohinder Singh SDO/Maaee Sath Sath Sath Har Sath Sath Sath Saadhhaa.mp3",
67254272,       "https://sikhsoul.com/golden_khajana_files/mp3/Keertan/Bhai Mohinder Singh SDO/Maaeiaa Aisee Mohanee Bhaaee.mp3",
19536650,       "https://sikhsoul.com/golden_khajana_files/mp3/Keertan/Bhai Mohinder Singh SDO/Maee Sti Sti Sti.mp3",
55312384,       "https://sikhsoul.com/golden_khajana_files/mp3/Keertan/Bhai Mohinder Singh SDO/Maerae Man Saev Safal Har Ghaal.mp3",
37332992,       "https://sikhsoul.com/golden_khajana_files/mp3/Keertan/Bhai Mohinder Singh SDO/Maerae Raam Ham Paapee Saran Parae Har Dhuaar 1.mp3",
65949696,       "https://sikhsoul.com/golden_khajana_files/mp3/Keertan/Bhai Mohinder Singh SDO/Maerae Raam Ham Paapee Saran Parae Har Dhuaar 2.mp3",
22310912,       "https://sikhsoul.com/golden_khajana_files/mp3/Keertan/Bhai Mohinder Singh SDO/Maerae Raam Thorr Bandhhan Maaeiaa 1.mp3",
47745024,       "https://sikhsoul.com/golden_khajana_files/mp3/Keertan/Bhai Mohinder Singh SDO/Maerae Raam Thorr Bandhhan Maaeiaa 2.mp3",
45252608,       "https://sikhsoul.com/golden_khajana_files/mp3/Keertan/Bhai Mohinder Singh SDO/Maeree Patteeaa Likh Dhaehu Sree Guopaal.mp3",
92608549,       "https://sikhsoul.com/golden_khajana_files/mp3/Keertan/Bhai Mohinder Singh SDO/Magan bhae oohaa sang maate - Southbend September 30 1985.mp3",
185321472,       "https://sikhsoul.com/golden_khajana_files/mp3/Keertan/Bhai Mohinder Singh SDO/Magan Bheae Oohaa Sang Maathae.mp3",
44018014,       "https://sikhsoul.com/golden_khajana_files/mp3/Keertan/Bhai Mohinder Singh SDO/Mai Sat Sat Sat - India 1980s.MP3",
9045448,       "https://sikhsoul.com/golden_khajana_files/mp3/Keertan/Bhai Mohinder Singh SDO/Man eyk na cheytas moorh manaa.mp3",
83675136,       "https://sikhsoul.com/golden_khajana_files/mp3/Keertan/Bhai Mohinder Singh SDO/Man Mere Gur Sabadhee Har Paiaa Jai.mp3",
24324096,       "https://sikhsoul.com/golden_khajana_files/mp3/Keertan/Bhai Mohinder Singh SDO/Man Rae Thhir Rahu Math Kath Jaahee Jeeo.mp3",
44759040,       "https://sikhsoul.com/golden_khajana_files/mp3/Keertan/Bhai Mohinder Singh SDO/Mayee Man Mero Matvaro - India 1970s.MP3",
44933248,       "https://sikhsoul.com/golden_khajana_files/mp3/Keertan/Bhai Mohinder Singh SDO/Mayee Ree Maati Charan Samoo - India 1980s.mp3",
19508984,       "https://sikhsoul.com/golden_khajana_files/mp3/Keertan/Bhai Mohinder Singh SDO/Mera Mun Laagaa.mp3",
12305015,       "https://sikhsoul.com/golden_khajana_files/mp3/Keertan/Bhai Mohinder Singh SDO/Mere Raam Hum Paapi.mp3",
69923799,       "https://sikhsoul.com/golden_khajana_files/mp3/Keertan/Bhai Mohinder Singh SDO/Mere ram hum papee saran pare har duaar.mp3",
19537734,       "https://sikhsoul.com/golden_khajana_files/mp3/Keertan/Bhai Mohinder Singh SDO/Mil Mere Preetma Jeo.mp3",
86396928,       "https://sikhsoul.com/golden_khajana_files/mp3/Keertan/Bhai Mohinder Singh SDO/Mil Raheeaai Prabh Saadh Janaa 1.mp3",
41017344,       "https://sikhsoul.com/golden_khajana_files/mp3/Keertan/Bhai Mohinder Singh SDO/Mil Raheeaai Prabh Saadh Janaa 2.mp3",
13844671,       "https://sikhsoul.com/golden_khajana_files/mp3/Keertan/Bhai Mohinder Singh SDO/Mil Raheeyai.mp3",
44929630,       "https://sikhsoul.com/golden_khajana_files/mp3/Keertan/Bhai Mohinder Singh SDO/Mil Rheeay Prubh.mp3",
66445312,       "https://sikhsoul.com/golden_khajana_files/mp3/Keertan/Bhai Mohinder Singh SDO/Milahu Piaarae Jeeaa.mp3",
10637312,       "https://sikhsoul.com/golden_khajana_files/mp3/Keertan/Bhai Mohinder Singh SDO/Mitt Gee Bhaal Man Sehaj Samaanaa.mp3",
85741568,       "https://sikhsoul.com/golden_khajana_files/mp3/Keertan/Bhai Mohinder Singh SDO/Mo Ko Sathigur Sabadh Bujhaaeiou.mp3",
44312704,       "https://sikhsoul.com/golden_khajana_files/mp3/Keertan/Bhai Mohinder Singh SDO/Mohe Nirgun Anaath - India 1970s.MP3",
24385536,       "https://sikhsoul.com/golden_khajana_files/mp3/Keertan/Bhai Mohinder Singh SDO/Mukh Bolahu Gur Anmrith Bainaa.mp3",
38342656,       "https://sikhsoul.com/golden_khajana_files/mp3/Keertan/Bhai Mohinder Singh SDO/Mul Khareedhee Laalaa Golaa 1.mp3",
70957056,       "https://sikhsoul.com/golden_khajana_files/mp3/Keertan/Bhai Mohinder Singh SDO/Mul Khareedhee Laalaa Golaa 2.mp3",
19502611,       "https://sikhsoul.com/golden_khajana_files/mp3/Keertan/Bhai Mohinder Singh SDO/Naam Binaa Nahi.mp3",
19339264,       "https://sikhsoul.com/golden_khajana_files/mp3/Keertan/Bhai Mohinder Singh SDO/Naam Biouhaaraa Naanak Aadhhaaraa.mp3",
47115501,       "https://sikhsoul.com/golden_khajana_files/mp3/Keertan/Bhai Mohinder Singh SDO/Naam kahat govind kaa.mp3",
76347392,       "https://sikhsoul.com/golden_khajana_files/mp3/Keertan/Bhai Mohinder Singh SDO/Naam Kehath Govindh Kaa.mp3",
44513280,       "https://sikhsoul.com/golden_khajana_files/mp3/Keertan/Bhai Mohinder Singh SDO/Naanak Ghar Hee Baithiaa Sahu Milai.mp3",
19556481,       "https://sikhsoul.com/golden_khajana_files/mp3/Keertan/Bhai Mohinder Singh SDO/Naktee Ko Thangan Baada.mp3",
44765828,       "https://sikhsoul.com/golden_khajana_files/mp3/Keertan/Bhai Mohinder Singh SDO/Nanak Daas Tuajai.mp3",
30739173,       "https://sikhsoul.com/golden_khajana_files/mp3/Keertan/Bhai Mohinder Singh SDO/Nanak Gur Seyvaa.mp3",
45052967,       "https://sikhsoul.com/golden_khajana_files/mp3/Keertan/Bhai Mohinder Singh SDO/Oohoo Saav Dhaan.mp3",
57753600,       "https://sikhsoul.com/golden_khajana_files/mp3/Keertan/Bhai Mohinder Singh SDO/Oucharahu Raam Naam Lakh Baaree.mp3",
34914304,       "https://sikhsoul.com/golden_khajana_files/mp3/Keertan/Bhai Mohinder Singh SDO/Paarabreham Thin Kano Santhusatt Bhaeiaa.mp3",
18565120,       "https://sikhsoul.com/golden_khajana_files/mp3/Keertan/Bhai Mohinder Singh SDO/Paatisaahaan Dee Majalasai.mp3",
130580480,       "https://sikhsoul.com/golden_khajana_files/mp3/Keertan/Bhai Mohinder Singh SDO/Paradhes Jhaag Saudhe Kau Aaiaa.mp3",
14309376,       "https://sikhsoul.com/golden_khajana_files/mp3/Keertan/Bhai Mohinder Singh SDO/Paraethahu Keethon Dhaevathaa Thin Karanaihaarae.mp3",
133851717,       "https://sikhsoul.com/golden_khajana_files/mp3/Keertan/Bhai Mohinder Singh SDO/Pardeys chjaag saudey kau aaiaa.mp3",
47177728,       "https://sikhsoul.com/golden_khajana_files/mp3/Keertan/Bhai Mohinder Singh SDO/Peeoo Dhaadhae Kaa Khol Ddithaa Khajaanaa.mp3",
93026432,       "https://sikhsoul.com/golden_khajana_files/mp3/Keertan/Bhai Mohinder Singh SDO/Piaarae ein bidhh milan n jaaee mai keeeae karam anaekaa - Southbend Rainsabai September 30 1985 - part 2.mp3",
20819968,       "https://sikhsoul.com/golden_khajana_files/mp3/Keertan/Bhai Mohinder Singh SDO/Piaarae Har Bin Praem N Khaelasaa 1.mp3",
86984704,       "https://sikhsoul.com/golden_khajana_files/mp3/Keertan/Bhai Mohinder Singh SDO/Piaarae Har Bin Praem N Khaelasaa 2.mp3",
37905811,       "https://sikhsoul.com/golden_khajana_files/mp3/Keertan/Bhai Mohinder Singh SDO/Pooran Raj Jog.mp3",
84144128,       "https://sikhsoul.com/golden_khajana_files/mp3/Keertan/Bhai Mohinder Singh SDO/Poore Gur Kee Dhekh Vaddaiee.mp3",
16023357,       "https://sikhsoul.com/golden_khajana_files/mp3/Keertan/Bhai Mohinder Singh SDO/Poorey gur kee kaar karam kamaaeeai.mp3",
91691008,       "https://sikhsoul.com/golden_khajana_files/mp3/Keertan/Bhai Mohinder Singh SDO/Pothhee Paramaesar Kaa Thhaan.mp3",
44871680,       "https://sikhsoul.com/golden_khajana_files/mp3/Keertan/Bhai Mohinder Singh SDO/Prabh Keejai Kirapaa Nidhhaan Ham Har Gun Gaavehagae.mp3",
61319168,       "https://sikhsoul.com/golden_khajana_files/mp3/Keertan/Bhai Mohinder Singh SDO/Prabh Milanai Kee Eaeh Neesaanee 1.mp3",
43212800,       "https://sikhsoul.com/golden_khajana_files/mp3/Keertan/Bhai Mohinder Singh SDO/Prabh Milanai Kee Eaeh Neesaanee 2.mp3",
43841536,       "https://sikhsoul.com/golden_khajana_files/mp3/Keertan/Bhai Mohinder Singh SDO/Raajaa Raam Thoon Aisaa Nirabho.mp3",
23425024,       "https://sikhsoul.com/golden_khajana_files/mp3/Keertan/Bhai Mohinder Singh SDO/Raam Ham Sathigur Paarabreham Kar Maanae.mp3",
42944512,       "https://sikhsoul.com/golden_khajana_files/mp3/Keertan/Bhai Mohinder Singh SDO/Raam Japahu Meree Sakhee Sakhainee.mp3",
85567488,       "https://sikhsoul.com/golden_khajana_files/mp3/Keertan/Bhai Mohinder Singh SDO/Raam Naam Jap Eaekankaar.mp3",
49512448,       "https://sikhsoul.com/golden_khajana_files/mp3/Keertan/Bhai Mohinder Singh SDO/Raam Ras Peeaa Rae 1.mp3",
57253888,       "https://sikhsoul.com/golden_khajana_files/mp3/Keertan/Bhai Mohinder Singh SDO/Raam Ras Peeaa Rae 2.mp3",
19017728,       "https://sikhsoul.com/golden_khajana_files/mp3/Keertan/Bhai Mohinder Singh SDO/Raameeaa gun gaaeeai.mp3",
36868096,       "https://sikhsoul.com/golden_khajana_files/mp3/Keertan/Bhai Mohinder Singh SDO/Rae Man Maerae Thoon Har Sio Jor 1.mp3",
89389056,       "https://sikhsoul.com/golden_khajana_files/mp3/Keertan/Bhai Mohinder Singh SDO/Rae Man Maerae Thoon Har Sio Jor 2.mp3",
41359360,       "https://sikhsoul.com/golden_khajana_files/mp3/Keertan/Bhai Mohinder Singh SDO/Rae Man Maerae Thoon Har Sio Jor 3.mp3",
41515008,       "https://sikhsoul.com/golden_khajana_files/mp3/Keertan/Bhai Mohinder Singh SDO/Rae Moorrae Thoo Hoshhai Ras Lapattaaeiou.mp3",
19522445,       "https://sikhsoul.com/golden_khajana_files/mp3/Keertan/Bhai Mohinder Singh SDO/Ram Hum Satgur Parbram.mp3",
18999296,       "https://sikhsoul.com/golden_khajana_files/mp3/Keertan/Bhai Mohinder Singh SDO/Rameeaa Gun Gaaeeai.mp3",
17933045,       "https://sikhsoul.com/golden_khajana_files/mp3/Keertan/Bhai Mohinder Singh SDO/Rameyeeaa gun gaaeeai2.mp3",
85608448,       "https://sikhsoul.com/golden_khajana_files/mp3/Keertan/Bhai Mohinder Singh SDO/Re Man Moor Simar Sukhadhaataa.mp3",
40036352,       "https://sikhsoul.com/golden_khajana_files/mp3/Keertan/Bhai Mohinder Singh SDO/Rehras Sahib.mp3",
55984128,       "https://sikhsoul.com/golden_khajana_files/mp3/Keertan/Bhai Mohinder Singh SDO/Saach Naam Meraa Man Laagaa 1.mp3",
54421504,       "https://sikhsoul.com/golden_khajana_files/mp3/Keertan/Bhai Mohinder Singh SDO/Saach Naam Meraa Man Laagaa 2.mp3",
39458816,       "https://sikhsoul.com/golden_khajana_files/mp3/Keertan/Bhai Mohinder Singh SDO/Saachai Saahib Rakhiaa Kanth Laae.mp3",
44532074,       "https://sikhsoul.com/golden_khajana_files/mp3/Keertan/Bhai Mohinder Singh SDO/Saad Sange Vanjareya - India 1980s.MP3",
85479424,       "https://sikhsoul.com/golden_khajana_files/mp3/Keertan/Bhai Mohinder Singh SDO/Saadhasang Kal Keeratan Gaiaa.mp3",
88420352,       "https://sikhsoul.com/golden_khajana_files/mp3/Keertan/Bhai Mohinder Singh SDO/Saadhhasangath Kai Aasarai Prabh Sio Rang Laaeae.mp3",
44959744,       "https://sikhsoul.com/golden_khajana_files/mp3/Keertan/Bhai Mohinder Singh SDO/Saadhhoo Bin Aisae Abagath Jaavai.mp3",
88490591,       "https://sikhsoul.com/golden_khajana_files/mp3/Keertan/Bhai Mohinder Singh SDO/Saadhsangat kai aasrai prabh sio rang laaey.mp3",
7796736,       "https://sikhsoul.com/golden_khajana_files/mp3/Keertan/Bhai Mohinder Singh SDO/Saaee Naam Amol Keem N Koee Jaanadho 1.mp3",
57509888,       "https://sikhsoul.com/golden_khajana_files/mp3/Keertan/Bhai Mohinder Singh SDO/Saaee Naam Amol Keem N Koee Jaanadho 2.mp3",
87771136,       "https://sikhsoul.com/golden_khajana_files/mp3/Keertan/Bhai Mohinder Singh SDO/Saaee Naam Amol Keem N Koee Jaanadho 3.mp3",
19497508,       "https://sikhsoul.com/golden_khajana_files/mp3/Keertan/Bhai Mohinder Singh SDO/Saas Saas Dhiaavho.mp3",
39356364,       "https://sikhsoul.com/golden_khajana_files/mp3/Keertan/Bhai Mohinder Singh SDO/Sabh dhan kaho gur satguroo.mp3",
31057920,       "https://sikhsoul.com/golden_khajana_files/mp3/Keertan/Bhai Mohinder Singh SDO/Sabh Dhhann Kehahu Gur Sathiguroo 1.mp3",
60063744,       "https://sikhsoul.com/golden_khajana_files/mp3/Keertan/Bhai Mohinder Singh SDO/Sabh Dhhann Kehahu Gur Sathiguroo 2.mp3",
000,       "https://sikhsoul.com/golden_khajana_files/mp3/Keertan/Bhai Mohinder Singh SDO/Sabh dhiavho aad state jugad state.mp3",
